id;matchDay;date;time;clubIdHome;clubIdGuest;goalsHome;goalsGuest
1;1;18.08.2023;18:30;1;2;0;4
2;1;19.08.2023;13:30;3;4;3;2
3;1;19.08.2023;13:30;5;6;2;0
4;1;19.08.2023;13:30;7;8;1;2
5;1;19.08.2023;13:30;9;10;4;4
6;1;19.08.2023;13:30;11;12;5;0
7;1;19.08.2023;16:30;13;14;1;0
8;1;20.08.2023;13:30;15;16;4;1
9;1;20.08.2023;15:30;17;18;1;0
10;2;25.08.2023;18:30;4;11;5;1
11;2;26.08.2023;13:30;8;1;1;0
12;2;26.08.2023;13:30;14;5;1;2
13;2;26.08.2023;13:30;12;13;1;1
14;2;26.08.2023;13:30;6;7;2;3
15;2;26.08.2023;13:30;18;15;1;4
16;2;26.08.2023;16:30;10;3;0;3
17;2;27.08.2023;13:30;16;17;1;1
18;2;27.08.2023;15:30;2;9;3;1
19;3;01.09.2023;18:30;13;6;2;2
20;3;02.09.2023;13:30;3;18;5;1
21;3;02.09.2023;13:30;7;5;3;1
22;3;02.09.2023;13:30;1;16;4;0
23;3;02.09.2023;13:30;9;12;2;2
24;3;02.09.2023;13:30;11;8;5;0
25;3;02.09.2023;16:30;10;2;1;2
26;3;03.09.2023;13:30;17;14;1;1
27;3;03.09.2023;15:30;15;4;0;3
28;4;15.09.2023;18:30;2;3;2;2
29;4;16.09.2023;13:30;4;9;3;0
30;4;16.09.2023;13:30;8;13;2;4
31;4;16.09.2023;13:30;5;15;2;1
32;4;16.09.2023;13:30;16;11;1;3
33;4;16.09.2023;13:30;14;7;1;3
34;4;16.09.2023;16:30;12;17;1;1
35;4;17.09.2023;13:30;6;1;4;2
36;4;17.09.2023;15:30;18;10;3;3
37;5;22.09.2023;18:30;11;18;3;1
38;5;23.09.2023;13:30;2;12;7;0
39;5;23.09.2023;13:30;13;5;1;0
40;5;23.09.2023;13:30;15;7;0;2
41;5;23.09.2023;13:30;10;4;0;1
42;5;23.09.2023;13:30;9;16;2;1
43;5;23.09.2023;16:30;1;14;2;1
44;5;24.09.2023;13:30;3;6;4;1
45;5;24.09.2023;15:30;17;8;0;0
46;6;29.09.2023;18:30;7;13;1;3
47;6;30.09.2023;13:30;5;17;2;0
48;6;30.09.2023;13:30;16;3;0;3
49;6;30.09.2023;13:30;14;11;0;2
50;6;30.09.2023;13:30;12;10;1;3
51;6;30.09.2023;13:30;6;15;1;0
52;6;30.09.2023;16:30;4;2;2;2
53;6;01.10.2023;13:30;18;1;4;2
54;6;01.10.2023;15:30;8;9;2;0
55;7;06.10.2023;18:30;10;16;2;2
56;7;07.10.2023;13:30;13;15;4;2
57;7;07.10.2023;13:30;4;12;0;0
58;7;07.10.2023;13:30;9;18;1;2
59;7;07.10.2023;13:30;11;5;3;1
60;7;07.10.2023;16:30;1;7;2;3
61;7;08.10.2023;13:30;3;14;3;0
62;7;08.10.2023;15:30;2;8;3;0
63;7;08.10.2023;17:30;17;6;2;0
64;8;20.10.2023;18:30;13;1;1;0
65;8;21.10.2023;13:30;15;11;0;3
66;8;21.10.2023;13:30;8;12;2;1
67;8;21.10.2023;13:30;5;3;1;2
68;8;21.10.2023;13:30;7;17;1;3
69;8;21.10.2023;13:30;18;4;1;3
70;8;21.10.2023;16:30;16;2;1;3
71;8;22.10.2023;13:30;14;10;3;1
72;8;22.10.2023;15:30;6;9;2;5
73;9;27.10.2023;18:30;12;16;2;2
74;9;28.10.2023;13:30;2;18;8;0
75;9;28.10.2023;13:30;10;6;2;1
76;9;28.10.2023;13:30;1;15;2;0
77;9;28.10.2023;13:30;9;5;3;2
78;9;28.10.2023;13:30;11;7;2;3
79;9;28.10.2023;16:30;4;14;6;0
80;9;29.10.2023;14:30;17;13;3;3
81;9;29.10.2023;16:30;3;8;2;1
82;10;03.11.2023;19:30;18;12;1;2
83;10;04.11.2023;14:30;15;17;0;3
84;10;04.11.2023;14:30;8;10;3;3
85;10;04.11.2023;14:30;16;4;2;0
86;10;04.11.2023;14:30;14;9;1;1
87;10;04.11.2023;14:30;7;3;2;3
88;10;04.11.2023;17:30;13;2;0;4
89;10;05.11.2023;14:30;5;1;2;2
90;10;05.11.2023;16:30;6;11;2;0
91;11;10.11.2023;19:30;10;5;4;0
92;11;11.11.2023;14:30;2;6;4;2
93;11;11.11.2023;14:30;9;7;1;1
94;11;11.11.2023;14:30;11;13;2;1
95;11;11.11.2023;14:30;18;16;0;0
96;11;11.11.2023;17:30;12;14;1;1
97;11;12.11.2023;14:30;3;15;4;0
98;11;12.11.2023;16:30;1;17;2;2
99;11;12.11.2023;18:30;4;8;3;1
100;12;24.11.2023;19:30;14;2;0;1
101;12;25.11.2023;14:30;13;10;4;2
102;12;25.11.2023;14:30;15;9;1;1
103;12;25.11.2023;14:30;8;18;1;1
104;12;25.11.2023;14:30;5;4;2;1
105;12;25.11.2023;14:30;1;3;0;3
106;12;25.11.2023;17:30;17;11;1;2
107;12;26.11.2023;14:30;6;12;0;0
108;12;26.11.2023;16:30;7;16;1;1
109;13;01.12.2023;19:30;18;14;0;1
110;13;02.12.2023;14:30;4;6;2;1
111;13;02.12.2023;14:30;10;7;2;1
112;13;02.12.2023;14:30;12;5;3;1
113;13;02.12.2023;17:30;11;1;2;0
114;13;03.12.2023;14:30;16;8;0;1
115;13;03.12.2023;16:30;3;13;1;1
116;13;03.12.2023;18:30;9;17;2;1
117;14;08.12.2023;19:30;7;12;3;1
118;14;09.12.2023;14:30;15;10;3;1
119;14;09.12.2023;14:30;17;2;5;1
120;14;09.12.2023;14:30;5;8;0;1
121;14;09.12.2023;14:30;1;9;2;0
122;14;09.12.2023;14:30;6;18;3;2
123;14;09.12.2023;17:30;13;4;2;3
124;14;10.12.2023;14:30;11;3;1;1
125;14;10.12.2023;16:30;14;16;0;0
126;15;15.12.2023;19:30;10;1;2;2
127;15;16.12.2023;14:30;16;6;0;1
128;15;16.12.2023;14:30;12;15;3;0
129;15;16.12.2023;14:30;9;13;1;1
130;15;16.12.2023;14:30;18;5;0;1
131;15;16.12.2023;17:30;4;7;3;1
132;15;17.12.2023;14:30;8;14;2;0
133;15;17.12.2023;16:30;3;17;3;0
134;15;17.12.2023;18:30;2;11;3;0
135;16;19.12.2023;17:30;1;4;1;1
136;16;19.12.2023;19:30;13;16;1;1
137;16;19.12.2023;19:30;7;18;3;3
138;16;20.12.2023;17:30;15;14;2;0
139;16;20.12.2023;19:30;3;12;4;0
140;16;20.12.2023;19:30;17;10;2;1
141;16;20.12.2023;19:30;5;2;1;2
142;16;20.12.2023;19:30;11;9;3;0
143;16;20.12.2023;19:30;6;8;3;2
144;17;12.01.2024;19:30;2;7;3;0
145;17;13.01.2024;14:30;4;17;0;1
146;17;13.01.2024;14:30;8;15;0;0
147;17;13.01.2024;14:30;16;5;1;1
148;17;13.01.2024;14:30;14;6;1;1
149;17;13.01.2024;14:30;9;3;0;1
150;17;13.01.2024;17:30;18;13;0;3
151;17;14.01.2024;14:30;12;1;1;1
152;17;14.01.2024;16:30;10;11;3;1
153;18;20.01.2024;14:30;8;7;3;2
154;18;20.01.2024;14:30;14;13;0;4
155;18;20.01.2024;14:30;12;11;1;0
156;18;20.01.2024;14:30;6;5;1;1
157;18;20.01.2024;14:30;18;17;2;2
158;18;20.01.2024;17:30;4;3;2;3
159;18;21.01.2024;14:30;2;1;0;1
160;18;21.01.2024;16:30;10;9;1;2
161;13;24.01.2024;19:30;2;15;1;0
162;19;26.01.2024;19:30;17;16;1;0
163;19;27.01.2024;14:30;5;14;1;1
164;19;27.01.2024;14:30;7;6;1;1
165;19;27.01.2024;14:30;1;8;3;1
166;19;27.01.2024;14:30;9;2;2;3
167;19;27.01.2024;14:30;11;4;5;2
168;19;27.01.2024;17:30;3;10;0;0
169;19;28.01.2024;14:30;15;18;1;0
170;19;28.01.2024;16:30;13;12;3;1
171;20;02.02.2024;19:30;6;13;0;0
172;20;03.02.2024;14:30;2;10;3;1
173;20;03.02.2024;14:30;8;11;1;3
174;20;03.02.2024;14:30;16;1;0;1
175;20;03.02.2024;14:30;12;9;1;1
176;20;03.02.2024;14:30;18;3;0;2
177;20;03.02.2024;17:30;14;17;2;0
178;20;04.02.2024;14:30;5;7;2;2
179;20;04.02.2024;16:30;4;15;2;0
180;18;07.02.2024;17:30;16;15;1;1
181;21;09.02.2024;19:30;13;8;3;0
182;21;10.02.2024;14:30;15;5;1;0
183;21;10.02.2024;14:30;17;12;1;1
184;21;10.02.2024;14:30;10;18;0;0
185;21;10.02.2024;14:30;1;6;1;2
186;21;10.02.2024;14:30;9;4;2;2
187;21;10.02.2024;17:30;3;2;3;0
188;21;11.02.2024;14:30;11;16;3;1
189;21;11.02.2024;16:30;7;14;1;1
190;22;16.02.2024;19:30;14;1;0;1
191;22;17.02.2024;14:30;5;13;1;1
192;22;17.02.2024;14:30;16;9;1;0
193;22;17.02.2024;14:30;7;15;0;1
194;22;17.02.2024;14:30;6;3;1;2
195;22;17.02.2024;14:30;18;11;1;2
196;22;17.02.2024;17:30;4;10;2;0
197;22;18.02.2024;14:30;8;17;3;3
198;22;18.02.2024;16:30;12;2;3;2
199;23;23.02.2024;19:30;3;16;2;1
200;23;24.02.2024;14:30;15;6;2;2
201;23;24.02.2024;14:30;10;12;5;2
202;23;24.02.2024;14:30;1;18;1;1
203;23;24.02.2024;14:30;11;14;1;1
204;23;24.02.2024;17:30;2;4;2;1
205;23;25.02.2024;14:30;17;5;2;2
206;23;25.02.2024;16:30;13;7;2;3
207;23;25.02.2024;18:30;9;8;2;1
208;24;01.03.2024;19:30;8;2;2;2
209;24;02.03.2024;14:30;15;13;0;2
210;24;02.03.2024;14:30;16;10;1;1
211;24;02.03.2024;14:30;12;4;1;4
212;24;02.03.2024;14:30;6;17;1;2
213;24;02.03.2024;14:30;18;9;0;6
214;24;02.03.2024;17:30;5;11;2;3
215;24;03.03.2024;14:30;14;3;0;2
216;24;03.03.2024;16:30;7;1;2;1
217;25;08.03.2024;19:30;11;15;2;0
218;25;09.03.2024;14:30;2;16;8;1
219;25;09.03.2024;14:30;4;18;2;0
220;25;09.03.2024;14:30;10;14;3;3
221;25;09.03.2024;14:30;9;6;1;0
222;25;09.03.2024;17:30;1;13;1;2
223;25;10.03.2024;14:30;12;8;1;2
224;25;10.03.2024;16:30;17;7;3;1
225;25;10.03.2024;18:30;3;5;2;0
226;26;15.03.2024;19:30;14;4;1;5
227;26;16.03.2024;14:30;15;1;2;1
228;26;16.03.2024;14:30;5;9;1;3
229;26;16.03.2024;14:30;16;12;2;0
230;26;16.03.2024;14:30;6;10;1;1
231;26;16.03.2024;14:30;18;2;2;5
232;26;16.03.2024;17:30;7;11;0;3
233;26;17.03.2024;14:30;8;3;2;3
234;26;17.03.2024;16:30;13;17;3;1
235;27;30.03.2024;14:30;4;16;0;0
236;27;30.03.2024;14:30;3;7;2;1
237;27;30.03.2024;14:30;17;15;0;0
238;27;30.03.2024;14:30;10;8;0;3
239;27;30.03.2024;14:30;1;5;0;2
240;27;30.03.2024;17:30;2;13;0;2
241;27;31.03.2024;13:30;9;14;1;1
242;27;31.03.2024;15:30;11;6;3;3
243;27;31.03.2024;17:30;12;18;2;2
244;28;05.04.2024;18:30;17;1;1;1
245;28;06.04.2024;13:30;15;3;0;1
246;28;06.04.2024;13:30;8;4;1;4
247;28;06.04.2024;13:30;16;18;4;0
248;28;06.04.2024;13:30;14;12;2;1
249;28;06.04.2024;13:30;6;2;3;2
250;28;06.04.2024;16:30;13;11;0;1
251;28;07.04.2024;13:30;7;9;3;1
252;28;07.04.2024;15:30;5;10;1;3
253;29;12.04.2024;18:30;9;15;2;0
254;29;13.04.2024;13:30;2;14;2;0
255;29;13.04.2024;13:30;4;5;3;0
256;29;13.04.2024;13:30;16;7;4;1
257;29;13.04.2024;13:30;10;13;1;2
258;29;13.04.2024;13:30;12;6;1;1
259;29;13.04.2024;16:30;11;17;3;0
260;29;14.04.2024;13:30;18;8;0;1
261;29;14.04.2024;15:30;3;1;5;0
262;30;19.04.2024;18:30;17;9;3;1
263;30;20.04.2024;13:30;5;12;1;0
264;30;20.04.2024;13:30;14;18;0;2
265;30;20.04.2024;13:30;7;10;4;3
266;30;20.04.2024;13:30;6;4;1;2
267;30;20.04.2024;16:30;15;2;1;5
268;30;21.04.2024;13:30;1;11;2;1
269;30;21.04.2024;15:30;13;3;1;1
270;30;21.04.2024;17:30;8;16;1;1
271;31;26.04.2024;18:30;12;7;3;2
272;31;27.04.2024;13:30;2;17;2;1
273;31;27.04.2024;13:30;4;13;4;1
274;31;27.04.2024;13:30;8;5;1;2
275;31;27.04.2024;13:30;9;1;0;3
276;31;27.04.2024;16:30;3;11;2;2
277;31;28.04.2024;13:30;10;15;0;0
278;31;28.04.2024;15:30;16;14;1;1
279;31;28.04.2024;17:30;18;6;0;1
280;32;03.05.2024;18:30;7;4;1;1
281;32;04.05.2024;13:30;13;9;5;1
282;32;04.05.2024;13:30;5;18;3;0
283;32;04.05.2024;13:30;1;10;2;2
284;32;04.05.2024;13:30;11;2;3;1
285;32;04.05.2024;16:30;14;8;0;0
286;32;05.05.2024;13:30;15;12;3;4
287;32;05.05.2024;15:30;17;3;1;5
288;32;05.05.2024;17:30;6;16;1;1
289;33;10.05.2024;18:30;9;11;0;1
290;33;11.05.2024;13:30;4;1;1;1
291;33;11.05.2024;13:30;8;6;1;1
292;33;11.05.2024;13:30;10;17;1;1
293;33;11.05.2024;13:30;14;15;3;2
294;33;11.05.2024;16:30;16;13;3;0
295;33;12.05.2024;13:30;18;7;0;6
296;33;12.05.2024;15:30;2;5;2;0
297;33;12.05.2024;17:30;12;3;0;5
298;34;18.05.2024;13:30;13;18;4;0
299;34;18.05.2024;13:30;15;8;2;1
300;34;18.05.2024;13:30;3;9;2;1
301;34;18.05.2024;13:30;17;4;2;2
302;34;18.05.2024;13:30;5;16;1;3
303;34;18.05.2024;13:30;7;2;4;2
304;34;18.05.2024;13:30;1;12;4;1
305;34;18.05.2024;13:30;11;10;4;0
306;34;18.05.2024;13:30;6;14;4;1
307;1;28.07.2023;18:30;19;20;5;3
308;1;29.07.2023;11:00;21;22;1;2
309;1;29.07.2023;11:00;23;24;2;2
310;1;29.07.2023;11:00;25;26;2;3
311;1;29.07.2023;11:00;27;28;1;1
312;1;29.07.2023;18:30;29;30;1;0
313;1;30.07.2023;11:30;31;32;5;0
314;1;30.07.2023;11:30;33;34;2;0
315;1;30.07.2023;11:30;35;36;0;1
316;2;04.08.2023;16:30;30;27;0;1
317;2;04.08.2023;16:30;32;25;1;1
318;2;05.08.2023;11:00;22;29;0;0
319;2;05.08.2023;11:00;36;31;2;1
320;2;05.08.2023;11:00;24;33;1;2
321;2;05.08.2023;18:30;20;21;3;0
322;2;06.08.2023;11:30;26;19;2;2
323;2;06.08.2023;11:30;28;35;2;1
324;2;06.08.2023;11:30;34;23;2;2
325;3;18.08.2023;16:30;21;24;3;2
326;3;18.08.2023;16:30;27;26;1;0
327;3;19.08.2023;11:00;29;32;1;2
328;3;19.08.2023;11:00;31;22;0;0
329;3;19.08.2023;11:00;33;23;1;2
330;3;19.08.2023;18:30;19;30;3;0
331;3;20.08.2023;11:30;36;28;2;4
332;3;20.08.2023;11:30;35;20;1;0
333;3;20.08.2023;11:30;25;34;2;3
334;4;25.08.2023;16:30;20;36;0;2
335;4;25.08.2023;16:30;32;21;1;2
336;4;26.08.2023;11:00;30;31;5;0
337;4;26.08.2023;11:00;33;25;2;1
338;4;26.08.2023;11:00;24;29;0;5
339;4;26.08.2023;18:30;23;19;0;1
340;4;27.08.2023;11:30;22;28;0;0
341;4;27.08.2023;11:30;26;35;2;0
342;4;27.08.2023;11:30;34;27;2;1
343;5;01.09.2023;16:30;29;26;3;1
344;5;01.09.2023;16:30;35;22;1;1
345;5;02.09.2023;11:00;36;32;2;1
346;5;02.09.2023;11:00;28;30;6;4
347;5;02.09.2023;11:00;27;20;1;1
348;5;02.09.2023;18:30;21;34;3;1
349;5;03.09.2023;11:30;19;33;2;0
350;5;03.09.2023;11:30;31;23;1;3
351;5;03.09.2023;11:30;25;24;0;1
352;6;15.09.2023;16:30;32;27;2;1
353;6;15.09.2023;16:30;34;31;1;1
354;6;16.09.2023;11:00;26;21;1;1
355;6;16.09.2023;11:00;33;29;1;3
356;6;16.09.2023;11:00;24;19;2;1
357;6;16.09.2023;18:30;20;28;4;3
358;6;17.09.2023;11:30;30;35;3;0
359;6;17.09.2023;11:30;22;36;5;1
360;6;17.09.2023;11:30;23;25;7;0
361;7;22.09.2023;16:30;28;32;1;1
362;7;22.09.2023;16:30;25;19;2;1
363;7;23.09.2023;11:00;31;26;4;3
364;7;23.09.2023;11:00;35;34;2;2
365;7;23.09.2023;11:00;27;24;0;2
366;7;23.09.2023;18:30;22;20;3;1
367;7;24.09.2023;11:30;29;23;1;1
368;7;24.09.2023;11:30;36;30;2;3
369;7;24.09.2023;11:30;21;33;3;1
370;8;29.09.2023;16:30;19;29;1;0
371;8;29.09.2023;16:30;32;20;3;1
372;8;30.09.2023;11:00;26;36;0;2
373;8;30.09.2023;11:00;23;27;2;0
374;8;30.09.2023;11:00;33;35;1;0
375;8;30.09.2023;18:30;30;22;1;2
376;8;01.10.2023;11:30;34;28;1;0
377;8;01.10.2023;11:30;24;31;1;1
378;8;01.10.2023;11:30;25;21;2;2
379;9;06.10.2023;16:30;29;25;1;1
380;9;06.10.2023;16:30;21;23;3;1
381;9;07.10.2023;11:00;28;26;1;1
382;9;07.10.2023;11:00;31;33;1;0
383;9;07.10.2023;11:00;27;19;1;1
384;9;07.10.2023;18:30;22;34;5;1
385;9;08.10.2023;11:30;20;30;1;2
386;9;08.10.2023;11:30;36;24;1;1
387;9;08.10.2023;11:30;35;32;1;3
388;10;20.10.2023;16:30;23;28;2;1
389;10;20.10.2023;16:30;24;35;3;0
390;10;21.10.2023;11:00;19;31;2;0
391;10;21.10.2023;11:00;32;22;2;2
392;10;21.10.2023;11:00;25;27;0;2
393;10;21.10.2023;18:30;29;21;4;3
394;10;22.10.2023;11:30;26;20;3;0
395;10;22.10.2023;11:30;33;36;1;3
396;10;22.10.2023;11:30;34;30;3;1
397;11;27.10.2023;16:30;31;25;4;0
398;11;27.10.2023;16:30;35;29;1;4
399;11;28.10.2023;11:00;20;23;3;2
400;11;28.10.2023;11:00;30;32;3;1
401;11;28.10.2023;11:00;22;26;2;1
402;11;28.10.2023;18:30;21;19;3;3
403;11;29.10.2023;12:30;36;34;0;2
404;11;29.10.2023;12:30;28;24;1;2
405;11;29.10.2023;12:30;27;33;1;0
406;12;03.11.2023;17:30;29;27;1;3
407;12;03.11.2023;17:30;24;22;0;2
408;12;04.11.2023;12:00;21;31;0;2
409;12;04.11.2023;12:00;34;20;1;2
410;12;04.11.2023;12:00;25;36;1;1
411;12;04.11.2023;19:30;19;28;2;0
412;12;05.11.2023;12:30;26;32;0;3
413;12;05.11.2023;12:30;23;35;2;0
414;12;05.11.2023;12:30;33;30;0;0
415;13;10.11.2023;17:30;20;24;1;2
416;13;10.11.2023;17:30;22;23;0;0
417;13;11.11.2023;12:00;32;34;1;3
418;13;11.11.2023;12:00;36;19;4;2
419;13;11.11.2023;12:00;35;25;3;2
420;13;11.11.2023;19:30;30;26;2;2
421;13;12.11.2023;12:30;28;33;1;2
422;13;12.11.2023;12:30;31;29;1;0
423;13;12.11.2023;12:30;27;21;2;1
424;14;24.11.2023;17:30;19;35;2;1
425;14;24.11.2023;17:30;23;30;2;2
426;14;25.11.2023;12:00;33;22;2;3
427;14;25.11.2023;12:00;24;32;4;1
428;14;25.11.2023;12:00;25;28;0;2
429;14;25.11.2023;19:30;29;20;5;3
430;14;26.11.2023;12:30;26;34;4;1
431;14;26.11.2023;12:30;21;36;0;3
432;14;26.11.2023;12:30;31;27;2;0
433;15;01.12.2023;17:30;20;25;4;0
434;15;01.12.2023;17:30;22;19;2;2
435;15;02.12.2023;12:00;36;27;3;2
436;15;02.12.2023;12:00;34;29;0;5
437;15;02.12.2023;12:00;35;31;0;1
438;15;02.12.2023;19:30;28;21;4;1
439;15;03.12.2023;12:30;30;24;5;1
440;15;03.12.2023;12:30;32;23;1;0
441;15;03.12.2023;12:30;26;33;2;2
442;16;08.12.2023;17:30;23;26;2;2
443;16;08.12.2023;17:30;27;35;1;3
444;16;09.12.2023;12:00;19;32;1;2
445;16;09.12.2023;12:00;21;30;1;2
446;16;09.12.2023;12:00;31;28;1;1
447;16;09.12.2023;19:30;25;22;1;1
448;16;10.12.2023;12:30;29;36;0;1
449;16;10.12.2023;12:30;33;20;0;2
450;16;10.12.2023;12:30;24;34;0;1
451;17;15.12.2023;17:30;20;31;2;2
452;17;15.12.2023;17:30;32;33;3;0
453;17;16.12.2023;12:00;30;25;0;0
454;17;16.12.2023;12:00;28;29;2;3
455;17;16.12.2023;12:00;34;19;0;2
456;17;16.12.2023;19:30;36;23;3;0
457;17;17.12.2023;12:30;22;27;1;1
458;17;17.12.2023;12:30;26;24;3;2
459;17;17.12.2023;12:30;35;21;2;1
460;18;19.01.2024;17:30;26;25;2;1
461;18;19.01.2024;17:30;36;35;1;2
462;18;20.01.2024;12:00;22;21;2;0
463;18;20.01.2024;12:00;34;33;3;0
464;18;20.01.2024;12:00;24;23;2;2
465;18;20.01.2024;19:30;20;19;0;2
466;18;21.01.2024;12:30;30;29;2;2
467;18;21.01.2024;12:30;32;31;0;1
468;18;21.01.2024;12:30;28;27;1;0
469;19;26.01.2024;17:30;21;20;4;1
470;19;26.01.2024;17:30;23;34;3;0
471;19;27.01.2024;12:00;33;24;2;1
472;19;27.01.2024;12:00;25;32;0;0
473;19;27.01.2024;12:00;27;30;3;1
474;19;27.01.2024;19:30;29;22;1;2
475;19;28.01.2024;12:30;19;26;3;4
476;19;28.01.2024;12:30;31;36;2;1
477;19;28.01.2024;12:30;35;28;1;0
478;20;02.02.2024;17:30;26;27;2;2
479;20;02.02.2024;17:30;28;36;1;1
480;20;03.02.2024;12:00;20;35;1;0
481;20;03.02.2024;12:00;22;31;3;2
482;20;03.02.2024;12:00;34;25;2;2
483;20;03.02.2024;19:30;30;19;1;2
484;20;04.02.2024;12:30;32;29;4;3
485;20;04.02.2024;12:30;23;33;2;1
486;20;04.02.2024;12:30;24;21;2;1
487;21;09.02.2024;17:30;19;23;3;4
488;21;09.02.2024;17:30;27;34;1;1
489;21;10.02.2024;12:00;29;24;1;1
490;21;10.02.2024;12:00;28;22;1;0
491;21;10.02.2024;12:00;35;26;2;0
492;21;10.02.2024;19:30;21;32;1;2
493;21;11.02.2024;12:30;36;20;1;0
494;21;11.02.2024;12:30;31;30;1;2
495;21;11.02.2024;12:30;25;33;0;0
496;22;16.02.2024;17:30;30;28;3;2
497;22;16.02.2024;17:30;23;31;2;1
498;22;17.02.2024;12:00;20;27;1;0
499;22;17.02.2024;12:00;32;36;0;4
500;22;17.02.2024;12:00;33;19;2;2
501;22;17.02.2024;19:30;26;29;2;2
502;22;18.02.2024;12:30;22;35;1;0
503;22;18.02.2024;12:30;34;21;1;1
504;22;18.02.2024;12:30;24;25;3;1
505;23;23.02.2024;17:30;36;22;3;4
506;23;23.02.2024;17:30;27;32;1;2
507;23;24.02.2024;12:00;21;26;0;4
508;23;24.02.2024;12:00;35;30;1;1
509;23;24.02.2024;12:00;25;23;1;0
510;23;24.02.2024;19:30;28;20;3;0
511;23;25.02.2024;12:30;19;24;1;0
512;23;25.02.2024;12:30;29;33;2;0
513;23;25.02.2024;12:30;31;34;2;1
514;24;01.03.2024;17:30;20;22;3;1
515;24;01.03.2024;17:30;30;36;2;2
516;24;02.03.2024;12:00;23;29;2;2
517;24;02.03.2024;12:00;33;21;0;3
518;24;02.03.2024;12:00;34;35;2;1
519;24;02.03.2024;19:30;26;31;4;0
520;24;03.03.2024;12:30;19;25;1;2
521;24;03.03.2024;12:30;32;28;0;0
522;24;03.03.2024;12:30;24;27;0;3
523;25;08.03.2024;17:30;29;19;2;0
524;25;08.03.2024;17:30;35;33;0;1
525;25;09.03.2024;12:00;20;32;3;3
526;25;09.03.2024;12:00;36;26;1;0
527;25;09.03.2024;12:00;27;23;1;1
528;25;09.03.2024;19:30;28;34;0;1
529;25;10.03.2024;12:30;22;30;2;0
530;25;10.03.2024;12:30;21;25;3;2
531;25;10.03.2024;12:30;31;24;1;4
532;26;15.03.2024;17:30;32;35;1;2
533;26;15.03.2024;17:30;25;29;0;4
534;26;16.03.2024;12:00;33;31;1;0
535;26;16.03.2024;12:00;34;22;0;2
536;26;16.03.2024;12:00;24;36;0;2
537;26;16.03.2024;19:30;23;21;1;1
538;26;17.03.2024;12:30;30;20;5;2
539;26;17.03.2024;12:30;19;27;3;0
540;26;17.03.2024;12:30;26;28;7;0
541;27;30.03.2024;12:00;36;33;2;0
542;27;30.03.2024;12:00;21;29;1;3
543;27;30.03.2024;12:00;35;24;5;0
544;27;30.03.2024;19:30;30;34;3;3
545;27;31.03.2024;11:30;20;26;0;0
546;27;31.03.2024;11:30;22;32;2;1
547;27;31.03.2024;11:30;28;23;0;3
548;27;31.03.2024;11:30;31;19;1;1
549;27;31.03.2024;11:30;27;25;0;1
550;28;05.04.2024;16:30;32;30;2;3
551;28;05.04.2024;16:30;33;27;3;1
552;28;06.04.2024;11:00;19;21;2;1
553;28;06.04.2024;11:00;34;36;0;4
554;28;06.04.2024;11:00;24;28;0;0
555;28;06.04.2024;18:30;26;22;2;1
556;28;07.04.2024;11:30;29;35;2;0
557;28;07.04.2024;11:30;23;20;1;1
558;28;07.04.2024;11:30;25;31;2;0
559;29;12.04.2024;16:30;30;33;4;0
560;29;12.04.2024;16:30;31;21;2;1
561;29;13.04.2024;11:00;32;26;1;1
562;29;13.04.2024;11:00;36;25;4;0
563;29;13.04.2024;11:00;27;29;0;2
564;29;13.04.2024;18:30;20;34;2;0
565;29;14.04.2024;11:30;22;24;3;4
566;29;14.04.2024;11:30;28;19;2;2
567;29;14.04.2024;11:30;35;23;0;0
568;30;19.04.2024;16:30;34;32;0;2
569;30;19.04.2024;16:30;24;20;1;1
570;30;20.04.2024;11:00;29;31;1;0
571;30;20.04.2024;11:00;21;27;1;1
572;30;20.04.2024;11:00;25;35;0;3
573;30;20.04.2024;18:30;19;36;0;1
574;30;21.04.2024;11:30;26;30;3;2
575;30;21.04.2024;11:30;23;22;1;2
576;30;21.04.2024;11:30;33;28;0;2
577;31;26.04.2024;16:30;30;23;1;1
578;31;26.04.2024;16:30;22;33;1;0
579;31;27.04.2024;11:00;32;24;3;1
580;31;27.04.2024;11:00;36;21;1;3
581;31;27.04.2024;11:00;35;19;0;4
582;31;27.04.2024;18:30;20;29;1;1
583;31;28.04.2024;11:30;28;25;1;1
584;31;28.04.2024;11:30;34;26;0;1
585;31;28.04.2024;11:30;27;31;3;5
586;32;03.05.2024;16:30;19;22;1;0
587;32;03.05.2024;16:30;29;34;3;1
588;32;04.05.2024;11:00;31;35;3;3
589;32;04.05.2024;11:00;33;26;1;2
590;32;04.05.2024;18:30;21;28;4;1
591;32;05.05.2024;11:30;23;32;3;2
592;32;05.05.2024;11:30;24;30;4;2
593;32;05.05.2024;11:30;27;36;0;1
594;32;07.05.2024;16:30;25;20;0;4
595;33;10.05.2024;16:30;32;19;1;0
596;33;10.05.2024;16:30;28;31;0;0
597;33;11.05.2024;11:00;20;33;2;1
598;33;11.05.2024;11:00;30;21;3;1
599;33;11.05.2024;11:00;34;24;3;0
600;33;11.05.2024;18:30;36;29;1;1
601;33;12.05.2024;11:30;22;25;3;1
602;33;12.05.2024;11:30;26;23;1;2
603;33;12.05.2024;11:30;35;27;1;0
604;34;19.05.2024;13:30;19;34;4;1
605;34;19.05.2024;13:30;29;28;3;2
606;34;19.05.2024;13:30;21;35;5;0
607;34;19.05.2024;13:30;23;36;1;2
608;34;19.05.2024;13:30;31;20;2;0
609;34;19.05.2024;13:30;33;32;1;2
610;34;19.05.2024;13:30;24;26;0;3
611;34;19.05.2024;13:30;25;30;2;1
612;34;19.05.2024;13:30;27;22;1;2
613;1;04.08.2023;17:00;37;38;2;1
614;1;05.08.2023;12:00;39;40;3;1
615;1;05.08.2023;12:00;41;42;0;0
616;1;05.08.2023;12:00;43;44;2;0
617;1;05.08.2023;12:00;45;46;0;0
618;1;05.08.2023;12:00;47;48;1;1
619;1;05.08.2023;14:15;49;50;3;1
620;1;06.08.2023;11:30;51;52;1;1
621;1;06.08.2023;14:30;53;54;1;1
622;1;06.08.2023;17:30;55;56;1;0
623;2;18.08.2023;17:00;42;49;1;0
624;2;19.08.2023;12:00;52;39;1;2
625;2;19.08.2023;12:00;56;37;4;0
626;2;19.08.2023;12:00;54;43;0;3
627;2;19.08.2023;12:00;50;45;4;0
628;2;19.08.2023;12:00;48;51;3;2
629;2;19.08.2023;14:30;44;41;2;2
630;2;20.08.2023;11:30;46;53;1;0
631;2;20.08.2023;14:30;40;47;1;2
632;2;20.08.2023;17:30;38;55;1;1
633;3;22.08.2023;08:00;37;54;1;1
634;3;22.08.2023;17:00;43;41;1;2
635;3;22.08.2023;17:00;45;56;3;1
636;3;22.08.2023;17:00;51;50;1;0
637;3;22.08.2023;17:00;49;44;2;1
638;3;23.08.2023;17:00;47;46;0;0
639;3;23.08.2023;17:00;39;38;0;0
640;3;23.08.2023;17:00;52;40;4;3
641;3;23.08.2023;17:00;53;48;0;0
642;3;23.08.2023;17:00;55;42;2;1
643;4;25.08.2023;17:00;54;51;1;1
644;4;26.08.2023;12:00;40;53;3;2
645;4;26.08.2023;12:00;56;52;2;2
646;4;26.08.2023;12:00;41;55;1;1
647;4;26.08.2023;12:00;46;49;0;2
648;4;26.08.2023;12:00;48;39;2;1
649;4;26.08.2023;12:00;42;43;3;0
650;4;27.08.2023;11:30;50;47;1;1
651;4;27.08.2023;14:30;44;37;3;2
652;4;27.08.2023;17:30;38;45;1;0
653;5;01.09.2023;17:00;52;46;2;0
654;5;02.09.2023;12:00;51;41;3;0
655;5;02.09.2023;12:00;45;44;1;3
656;5;02.09.2023;12:00;40;48;0;0
657;5;02.09.2023;12:00;53;38;0;2
658;5;02.09.2023;12:00;49;56;2;0
659;5;02.09.2023;12:00;43;55;1;2
660;5;03.09.2023;11:30;37;42;4;1
661;5;03.09.2023;13:30;47;54;2;1
662;5;03.09.2023;17:30;39;50;1;1
663;6;15.09.2023;17:00;54;40;2;3
664;6;16.09.2023;12:00;50;53;0;2
665;6;16.09.2023;12:00;38;47;0;0
666;6;16.09.2023;12:00;41;49;0;1
667;6;16.09.2023;12:00;46;39;2;1
668;6;16.09.2023;12:00;42;45;0;2
669;6;16.09.2023;14:30;56;43;2;1
670;6;17.09.2023;11:30;55;37;3;1
671;6;17.09.2023;14:30;44;51;0;2
672;6;17.09.2023;17:30;48;52;0;0
673;7;22.09.2023;17:00;48;50;1;2
674;7;23.09.2023;12:00;40;46;2;3
675;7;23.09.2023;12:00;45;41;1;1
676;7;23.09.2023;12:00;52;44;1;1
677;7;23.09.2023;12:00;47;42;1;2
678;7;23.09.2023;12:00;39;54;2;0
679;7;23.09.2023;14:30;37;43;0;2
680;7;24.09.2023;11:30;51;38;2;1
681;7;24.09.2023;14:30;53;56;1;4
682;7;24.09.2023;17:30;49;55;2;1
683;9;27.09.2023;17:00;46;54;1;0
684;8;29.09.2023;17:00;50;52;2;6
685;8;30.09.2023;12:00;54;45;0;0
686;8;30.09.2023;12:00;43;40;1;0
687;8;30.09.2023;12:00;44;53;3;1
688;8;30.09.2023;12:00;42;39;3;3
689;8;30.09.2023;12:00;56;51;4;0
690;8;30.09.2023;14:30;41;37;2;2
691;8;01.10.2023;11:30;38;49;3;1
692;8;01.10.2023;14:30;46;48;2;2
693;8;01.10.2023;17:30;55;47;0;1
694;9;03.10.2023;17:00;51;43;1;0
695;9;03.10.2023;17:00;40;50;3;1
696;9;03.10.2023;17:00;52;41;1;1
697;9;03.10.2023;17:00;53;42;0;2
698;9;03.10.2023;17:00;39;56;1;0
699;9;04.10.2023;17:00;48;38;4;0
700;9;04.10.2023;17:00;49;37;2;1
701;9;04.10.2023;17:00;45;55;4;0
702;9;04.10.2023;17:00;47;44;2;0
703;10;06.10.2023;17:00;42;51;1;2
704;10;07.10.2023;12:00;54;48;1;0
705;10;07.10.2023;12:00;43;49;0;0
706;10;07.10.2023;12:00;50;46;2;2
707;10;07.10.2023;12:00;44;39;1;1
708;10;07.10.2023;12:00;38;40;0;5
709;10;07.10.2023;14:30;55;52;2;0
710;10;08.10.2023;11:30;41;53;0;1
711;10;08.10.2023;14:30;37;45;1;4
712;10;08.10.2023;17:30;56;47;2;4
713;11;13.10.2023;17:00;46;38;1;2
714;11;14.10.2023;12:00;48;42;0;0
715;11;14.10.2023;12:00;40;56;2;2
716;11;14.10.2023;12:00;47;41;2;1
717;11;14.10.2023;12:00;39;55;2;2
718;11;14.10.2023;14:30;50;44;3;1
719;11;15.10.2023;11:30;51;49;2;3
720;11;15.10.2023;14:30;45;43;1;1
721;12;20.10.2023;17:00;44;46;1;3
722;12;21.10.2023;12:00;43;53;2;0
723;12;21.10.2023;12:00;41;39;3;2
724;12;21.10.2023;12:00;49;45;1;0
725;12;21.10.2023;12:00;37;47;1;2
726;12;21.10.2023;12:00;56;48;3;0
727;12;21.10.2023;14:30;54;50;0;1
728;12;22.10.2023;11:30;42;40;2;2
729;12;22.10.2023;14:30;38;52;2;1
730;12;22.10.2023;17:30;55;51;1;2
731;13;27.10.2023;17:00;48;44;3;0
732;13;28.10.2023;12:00;54;38;1;2
733;13;28.10.2023;12:00;50;56;4;0
734;13;28.10.2023;12:00;51;37;2;3
735;13;28.10.2023;12:00;46;42;1;2
736;13;28.10.2023;12:00;39;43;2;1
737;13;28.10.2023;14:30;47;45;2;1
738;13;29.10.2023;12:30;52;49;1;0
739;13;29.10.2023;15:30;40;41;4;0
740;13;29.10.2023;18:30;53;55;0;1
741;14;03.11.2023;18:00;55;40;1;2
742;14;04.11.2023;13:00;43;47;0;1
743;14;04.11.2023;13:00;38;50;2;1
744;14;04.11.2023;13:00;41;48;2;3
745;14;04.11.2023;13:00;49;53;2;0
746;14;04.11.2023;13:00;42;52;2;2
747;14;04.11.2023;15:30;56;46;1;1
748;14;05.11.2023;12:30;44;54;0;0
749;14;05.11.2023;15:30;45;51;3;2
750;14;05.11.2023;18:30;37;39;2;1
751;15;10.11.2023;18:00;39;49;1;5
752;15;11.11.2023;13:00;54;56;1;2
753;15;11.11.2023;13:00;50;42;1;1
754;15;11.11.2023;13:00;48;55;0;0
755;15;11.11.2023;13:00;40;37;3;2
756;15;11.11.2023;13:00;52;43;2;3
757;15;11.11.2023;15:30;46;41;1;1
758;15;12.11.2023;12:30;53;45;2;2
759;15;12.11.2023;15:30;38;44;2;0
760;15;12.11.2023;18:30;47;51;2;0
761;16;24.11.2023;18:00;44;40;1;2
762;16;25.11.2023;13:00;43;48;0;1
763;16;25.11.2023;13:00;55;46;2;0
764;16;25.11.2023;13:00;42;54;2;0
765;16;25.11.2023;13:00;37;52;0;2
766;16;25.11.2023;13:00;56;38;2;1
767;16;25.11.2023;15:30;51;53;2;1
768;16;26.11.2023;12:30;41;50;2;2
769;16;26.11.2023;15:30;49;47;0;1
770;16;26.11.2023;18:30;45;39;3;3
771;11;28.11.2023;18:00;53;37;1;2
772;11;29.11.2023;18:00;52;54;0;0
773;17;02.12.2023;13:00;54;41;1;0
774;17;02.12.2023;13:00;50;55;2;2
775;17;02.12.2023;13:00;44;56;1;1
776;17;02.12.2023;13:00;38;42;1;2
777;17;02.12.2023;13:00;52;45;0;0
778;17;02.12.2023;15:30;39;51;1;3
779;17;03.12.2023;12:30;40;49;1;0
780;17;03.12.2023;15:30;47;53;3;2
781;17;03.12.2023;18:30;46;43;3;0
782;18;08.12.2023;18:00;37;50;2;2
783;18;09.12.2023;13:00;51;46;1;1
784;18;09.12.2023;13:00;42;44;3;0
785;18;09.12.2023;13:00;53;52;0;4
786;18;09.12.2023;13:00;41;56;0;4
787;18;09.12.2023;15:30;55;54;1;1
788;18;10.12.2023;12:30;47;39;1;1
789;18;10.12.2023;15:30;49;48;2;1
790;18;10.12.2023;18:30;45;40;3;1
791;19;15.12.2023;18:00;38;41;1;0
792;19;16.12.2023;13:00;52;47;2;2
793;19;16.12.2023;13:00;46;37;2;1
794;19;16.12.2023;13:00;44;55;3;0
795;19;16.12.2023;13:00;56;42;4;0
796;19;16.12.2023;13:00;40;51;0;3
797;19;16.12.2023;15:30;48;45;3;2
798;19;17.12.2023;12:30;54;49;2;4
799;19;17.12.2023;15:30;50;43;2;0
800;19;17.12.2023;18:30;39;53;2;0
801;20;19.12.2023;18:00;42;41;1;2
802;20;19.12.2023;18:00;48;47;1;2
803;20;19.12.2023;18:00;52;51;2;1
804;20;19.12.2023;18:00;56;55;1;1
805;20;19.12.2023;18:00;38;37;3;2
806;20;20.12.2023;18:00;50;49;0;1
807;20;20.12.2023;18:00;44;43;1;0
808;20;20.12.2023;18:00;54;53;4;2
809;20;20.12.2023;18:00;40;39;1;1
810;21;19.01.2024;18:00;55;38;2;1
811;21;20.01.2024;13:00;39;52;2;5
812;21;20.01.2024;13:00;47;40;1;1
813;21;20.01.2024;13:00;37;56;3;1
814;21;20.01.2024;13:00;41;44;2;1
815;21;20.01.2024;13:00;49;42;0;1
816;21;20.01.2024;15:30;43;54;4;1
817;21;21.01.2024;12:30;45;50;2;1
818;21;21.01.2024;15:30;51;48;2;0
819;21;21.01.2024;18:30;53;46;0;0
820;22;23.01.2024;18:00;38;39;3;1
821;22;23.01.2024;18:00;40;52;0;0
822;22;23.01.2024;18:00;44;49;0;2
823;22;23.01.2024;18:00;41;43;1;1
824;22;23.01.2024;18:00;54;37;2;3
825;22;24.01.2024;18:00;56;45;1;1
826;22;24.01.2024;18:00;50;51;0;2
827;22;24.01.2024;18:00;46;47;1;0
828;22;24.01.2024;18:00;42;55;1;0
829;22;24.01.2024;18:00;48;53;1;0
830;23;26.01.2024;18:00;37;44;1;4
831;23;27.01.2024;13:00;52;56;0;2
832;23;27.01.2024;13:00;39;48;2;1
833;23;27.01.2024;13:00;47;50;2;0
834;23;27.01.2024;13:00;53;40;0;1
835;23;27.01.2024;13:00;51;54;2;2
836;23;27.01.2024;15:30;55;41;2;0
837;23;28.01.2024;12:30;45;38;2;1
838;23;28.01.2024;15:30;43;42;1;1
839;23;28.01.2024;18:30;49;46;1;2
840;24;02.02.2024;18:00;46;52;1;1
841;24;03.02.2024;13:00;41;51;1;1
842;24;03.02.2024;13:00;38;53;4;3
843;24;03.02.2024;13:00;48;40;1;0
844;24;03.02.2024;13:00;55;43;0;0
845;24;03.02.2024;13:00;42;37;1;1
846;24;03.02.2024;15:30;50;39;0;2
847;24;04.02.2024;12:30;56;49;2;1
848;24;04.02.2024;15:30;44;45;2;2
849;24;04.02.2024;18:30;54;47;0;1
850;18;06.02.2024;18:00;43;38;2;0
851;17;07.02.2024;18:00;48;37;2;0
852;25;09.02.2024;18:00;39;46;1;3
853;25;10.02.2024;13:00;51;44;3;1
854;25;10.02.2024;13:00;45;42;1;1
855;25;10.02.2024;13:00;49;41;7;2
856;25;10.02.2024;13:00;40;54;1;3
857;25;10.02.2024;13:00;47;38;1;3
858;25;10.02.2024;15:30;53;50;0;3
859;25;11.02.2024;12:30;37;55;2;3
860;25;11.02.2024;15:30;43;56;3;1
861;20;13.02.2024;18:00;46;45;2;3
862;26;16.02.2024;18:00;56;53;2;3
863;26;17.02.2024;13:00;42;47;6;3
864;26;17.02.2024;13:00;41;45;0;3
865;26;17.02.2024;13:00;54;39;1;0
866;26;17.02.2024;13:00;46;40;5;2
867;26;17.02.2024;13:00;38;51;0;2
868;26;17.02.2024;15:30;50;48;1;2
869;26;18.02.2024;12:30;44;52;0;2
870;26;18.02.2024;15:30;55;49;2;1
871;26;18.02.2024;18:30;43;37;1;0
872;27;23.02.2024;18:00;45;54;3;1
873;27;24.02.2024;13:00;49;38;2;2
874;27;24.02.2024;13:00;39;42;2;1
875;27;24.02.2024;13:00;47;55;0;0
876;27;24.02.2024;13:00;48;46;3;4
877;27;24.02.2024;13:00;51;56;0;0
878;27;24.02.2024;15:30;40;43;0;1
879;27;25.02.2024;12:30;37;41;3;0
880;27;25.02.2024;15:30;52;50;1;1
881;27;25.02.2024;18:30;53;44;1;0
882;28;01.03.2024;18:00;42;53;1;0
883;28;02.03.2024;13:00;37;49;1;0
884;28;02.03.2024;13:00;41;52;0;0
885;28;02.03.2024;13:00;43;51;0;1
886;28;02.03.2024;13:00;44;47;3;1
887;28;02.03.2024;13:00;55;45;2;3
888;28;02.03.2024;15:30;38;48;1;3
889;28;03.03.2024;12:30;56;39;1;3
890;28;03.03.2024;15:30;50;40;0;0
891;28;03.03.2024;18:30;54;46;2;1
892;29;08.03.2024;18:00;49;43;2;1
893;29;09.03.2024;13:00;39;44;2;2
894;29;09.03.2024;13:00;52;55;2;0
895;29;09.03.2024;13:00;47;56;1;1
896;29;09.03.2024;13:00;53;41;3;0
897;29;09.03.2024;13:00;46;50;0;2
898;29;09.03.2024;15:30;45;37;1;0
899;29;10.03.2024;12:30;48;54;1;0
900;29;10.03.2024;15:30;40;38;1;1
901;29;10.03.2024;18:30;51;42;2;0
902;30;15.03.2024;18:00;44;50;1;0
903;30;16.03.2024;13:00;55;39;2;1
904;30;16.03.2024;13:00;41;47;1;0
905;30;16.03.2024;13:00;54;52;2;0
906;30;16.03.2024;13:00;43;45;1;2
907;30;16.03.2024;13:00;49;51;0;0
908;30;16.03.2024;15:30;37;53;2;2
909;30;17.03.2024;12:30;38;46;4;0
910;30;17.03.2024;15:30;42;48;1;0
911;30;17.03.2024;18:30;56;40;0;1
912;31;30.03.2024;13:00;48;56;0;3
913;31;30.03.2024;13:00;45;49;1;0
914;31;30.03.2024;13:00;47;37;2;0
915;31;30.03.2024;13:00;51;55;2;2
916;31;30.03.2024;13:00;46;44;1;2
917;31;30.03.2024;15:30;53;43;1;0
918;31;31.03.2024;11:30;39;41;1;0
919;31;31.03.2024;14:30;40;42;4;4
920;31;31.03.2024;17:30;50;54;2;0
921;32;05.04.2024;17:00;56;50;1;1
922;32;06.04.2024;12:00;41;40;0;0
923;32;06.04.2024;12:00;42;46;3;2
924;32;06.04.2024;12:00;55;53;2;1
925;32;06.04.2024;12:00;43;39;3;1
926;32;06.04.2024;12:00;45;47;1;3
927;32;06.04.2024;14:30;44;48;6;1
928;32;07.04.2024;11:30;49;52;1;3
929;32;07.04.2024;14:30;38;54;4;1
930;32;07.04.2024;17:30;37;51;0;2
931;25;10.04.2024;17:00;52;48;2;1
932;33;12.04.2024;17:00;54;44;1;1
933;33;13.04.2024;12:00;51;45;2;0
934;33;13.04.2024;12:00;40;55;3;1
935;33;13.04.2024;12:00;46;56;1;1
936;33;13.04.2024;12:00;48;41;4;1
937;33;13.04.2024;12:00;39;37;4;2
938;33;13.04.2024;14:30;52;42;4;1
939;33;14.04.2024;11:30;47;43;1;1
940;33;14.04.2024;14:30;50;38;1;1
941;33;14.04.2024;17:30;53;49;1;1
942;34;19.04.2024;17:00;42;50;1;2
943;34;20.04.2024;12:00;55;48;2;1
944;34;20.04.2024;12:00;43;52;1;1
945;34;20.04.2024;12:00;49;39;0;2
946;34;20.04.2024;12:00;41;46;0;5
947;34;20.04.2024;12:00;37;40;1;0
948;34;20.04.2024;14:30;56;54;2;0
949;34;21.04.2024;11:30;44;38;0;2
950;34;21.04.2024;14:30;45;53;2;0
951;34;21.04.2024;17:30;51;47;1;0
952;31;24.04.2024;17:00;52;38;1;1
953;35;26.04.2024;17:00;50;41;0;0
954;35;27.04.2024;12:00;54;42;3;1
955;35;27.04.2024;12:00;47;49;1;1
956;35;27.04.2024;12:00;52;37;0;1
957;35;27.04.2024;12:00;46;55;2;2
958;35;27.04.2024;12:00;39;45;3;5
959;35;27.04.2024;12:00;40;44;1;1
960;35;28.04.2024;11:30;38;56;4;0
961;35;28.04.2024;14:30;53;51;1;2
962;35;28.04.2024;17:30;48;43;2;0
963;36;03.05.2024;17:00;41;54;5;3
964;36;04.05.2024;12:00;53;47;3;1
965;36;04.05.2024;12:00;51;39;2;0
966;36;04.05.2024;12:00;49;40;0;1
967;36;04.05.2024;12:00;55;50;1;0
968;36;04.05.2024;12:00;43;46;1;2
969;36;04.05.2024;12:00;42;38;2;0
970;36;05.05.2024;11:30;45;52;4;1
971;36;05.05.2024;14:30;37;48;0;1
972;36;05.05.2024;17:30;56;44;1;1
973;37;10.05.2024;17:00;38;43;0;1
974;37;11.05.2024;12:00;39;47;1;1
975;37;11.05.2024;12:00;56;41;6;1
976;37;11.05.2024;12:00;48;49;1;2
977;37;11.05.2024;12:00;50;37;0;0
978;37;11.05.2024;12:00;46;51;1;2
979;37;11.05.2024;14:30;44;42;4;2
980;37;12.05.2024;11:30;54;55;2;2
981;37;12.05.2024;14:30;40;45;2;0
982;37;12.05.2024;17:30;52;53;2;1
983;38;18.05.2024;11:30;49;54;4;0
984;38;18.05.2024;11:30;55;44;2;0
985;38;18.05.2024;11:30;37;46;1;1
986;38;18.05.2024;11:30;47;52;0;1
987;38;18.05.2024;11:30;45;48;2;0
988;38;18.05.2024;11:30;53;39;1;0
989;38;18.05.2024;11:30;51;40;4;2
990;38;18.05.2024;11:30;42;56;1;1
991;38;18.05.2024;11:30;43;50;0;2
992;38;18.05.2024;11:30;41;38;3;3
